"Платье-рубашка, макси","самые лутшие Платье-рубашка, макси от фиры Ricoco",Ricoco/5ceee80ad006f.jpg,"
                                                      3 700 р.                                                                                 Без налога: 3 700 р.
                                                   ","2019-05-29 20:14:02","2019-05-29 20:14:02",1
﻿"ПЛАТЬЕ-РУБАШКА, МАКСИ","самые лутшие ПЛАТЬЕ-РУБАШКА, МАКСИ от фиры Ricoco",Ricoco/5ceee80ae225a.jpg,"
                                                      3 700 р.                                                                                 Без налога: 3 700 р.
                                                   ","2019-05-29 20:14:02","2019-05-29 20:14:02",1
﻿" Платье-рубашка, макси ","самые лутшие  Платье-рубашка, макси  от фиры Ricoco",Ricoco/5ceee80af1f69.jpg,"
                                                      3 700 р.                                                                                 Без налога: 3 700 р.
                                                   ","2019-05-29 20:14:02","2019-05-29 20:14:02",1
﻿"КЮЛОТЫ СЕРОГО ЦВЕТА","самые лутшие КЮЛОТЫ СЕРОГО ЦВЕТА от фиры Ricoco",Ricoco/5ceee80b1b368.jpg,"
                                                      2 500 р.                                                                                 Без налога: 2 500 р.
                                                   ","2019-05-29 20:14:02","2019-05-29 20:14:02",1
﻿"ЮБКА НА ЗАПАХ ЧЕРНОГО ЦВЕТА В ГОРОХ","самые лутшие ЮБКА НА ЗАПАХ ЧЕРНОГО ЦВЕТА В ГОРОХ от фиры Ricoco",Ricoco/5ceee80b31b22.jpg,"
                                                      2 600 р.                                                                                 Без налога: 2 600 р.
                                                   ","2019-05-29 20:14:02","2019-05-29 20:14:02",1
﻿"РУБАШКА OVERSIZE, ГОЛУБАЯ","самые лутшие РУБАШКА OVERSIZE, ГОЛУБАЯ от фиры Ricoco",Ricoco/5ceee80b46b70.jpg,"
                                                      2 900 р.                                                                              ","2019-05-29 20:14:02","2019-05-29 20:14:02",1
﻿"Рубашка базовая, белая ","самые лутшие Рубашка базовая, белая  от фиры Ricoco",Ricoco/5ceee80b5f6dc.jpg,"
                                                      3 290 р.                                                                              ","2019-05-29 20:14:02","2019-05-29 20:14:02",1
﻿"Рубашка свободного кроя","самые лутшие Рубашка свободного кроя от фиры Ricoco",Ricoco/5ceee80b744f2.jpg,"
                                                      3 000 р.                                                                              ","2019-05-29 20:14:02","2019-05-29 20:14:02",1
﻿"Платье-рубашка, макси","самые лутшие Платье-рубашка, макси от фиры Ricoco",Ricoco/5ceee8659f672.jpg,"
                                                      3 700 р.                                                                                 Без налога: 3 700 р.
                                                   ","2019-05-29 20:15:33","2019-05-29 20:15:33",1
﻿"ПЛАТЬЕ-РУБАШКА, МАКСИ","самые лутшие ПЛАТЬЕ-РУБАШКА, МАКСИ от фиры Ricoco",Ricoco/5ceee865b83f9.jpg,"
                                                      3 700 р.                                                                                 Без налога: 3 700 р.
                                                   ","2019-05-29 20:15:33","2019-05-29 20:15:33",1
﻿" Платье-рубашка, макси ","самые лутшие  Платье-рубашка, макси  от фиры Ricoco",Ricoco/5ceee865cf8db.jpg,"
                                                      3 700 р.                                                                                 Без налога: 3 700 р.
                                                   ","2019-05-29 20:15:33","2019-05-29 20:15:33",1
﻿"КЮЛОТЫ СЕРОГО ЦВЕТА","самые лутшие КЮЛОТЫ СЕРОГО ЦВЕТА от фиры Ricoco",Ricoco/5ceee8660c4d9.jpg,"
                                                      2 500 р.                                                                                 Без налога: 2 500 р.
                                                   ","2019-05-29 20:15:33","2019-05-29 20:15:33",1
﻿"ЮБКА НА ЗАПАХ ЧЕРНОГО ЦВЕТА В ГОРОХ","самые лутшие ЮБКА НА ЗАПАХ ЧЕРНОГО ЦВЕТА В ГОРОХ от фиры Ricoco",Ricoco/5ceee86633fec.jpg,"
                                                      2 600 р.                                                                                 Без налога: 2 600 р.
                                                   ","2019-05-29 20:15:33","2019-05-29 20:15:33",1
﻿"Кофта базовая, белая","самые лутшие Кофта базовая, белая от фиры Ricoco",Ricoco/5ceee866520c5.jpg,"
                                                      1 500 р.                                                                              ","2019-05-29 20:15:33","2019-05-29 20:15:33",1
﻿"Футболка базовая, черная","самые лутшие Футболка базовая, черная от фиры Ricoco",Ricoco/5ceee8667841e.jpg,"
                                                      990 р.                                                                              ","2019-05-29 20:15:33","2019-05-29 20:15:33",1
﻿"Футболка базовая, белая","самые лутшие Футболка базовая, белая от фиры Ricoco",Ricoco/5ceee8668eb9e.jpg,"
                                                      990 р.                                                                              ","2019-05-29 20:15:33","2019-05-29 20:15:33",1
﻿"Кофта базовая, серая","самые лутшие Кофта базовая, серая от фиры Ricoco",Ricoco/5ceee866a4fcd.jpg,"
                                                      1 500 р.                                                                              ","2019-05-29 20:15:33","2019-05-29 20:15:33",1
﻿"Футболка с надписью ""фифа в Казани"", белая","самые лутшие Футболка с надписью ""фифа в Казани"", белая от фиры Ricoco",Ricoco/5ceee866baf7b.jpg,"
                                                      1 043 р. 1 490 р.
                                                                              ","2019-05-29 20:15:33","2019-05-29 20:15:33",1
﻿"Футболка с надписью ""фифа в Казани"", черная","самые лутшие Футболка с надписью ""фифа в Казани"", черная от фиры Ricoco",Ricoco/5ceee866d907e.jpg,"
                                                      1 043 р. 1 490 р.
                                                                              ","2019-05-29 20:15:33","2019-05-29 20:15:33",1
﻿"Платье-рубашка, макси","самые лутшие Платье-рубашка, макси от фиры Ricoco",Ricoco/5ceee8870dcda.jpg,"
                                                      3 700 р.                                                                                 Без налога: 3 700 р.
                                                   ","2019-05-29 20:16:06","2019-05-29 20:16:06",1
﻿"ПЛАТЬЕ-РУБАШКА, МАКСИ","самые лутшие ПЛАТЬЕ-РУБАШКА, МАКСИ от фиры Ricoco",Ricoco/5ceee8871c749.jpg,"
                                                      3 700 р.                                                                                 Без налога: 3 700 р.
                                                   ","2019-05-29 20:16:06","2019-05-29 20:16:06",1
﻿" Платье-рубашка, макси ","самые лутшие  Платье-рубашка, макси  от фиры Ricoco",Ricoco/5ceee8872b4b1.jpg,"
                                                      3 700 р.                                                                                 Без налога: 3 700 р.
                                                   ","2019-05-29 20:16:06","2019-05-29 20:16:06",1
﻿"КЮЛОТЫ СЕРОГО ЦВЕТА","самые лутшие КЮЛОТЫ СЕРОГО ЦВЕТА от фиры Ricoco",Ricoco/5ceee8873f1d0.jpg,"
                                                      2 500 р.                                                                                 Без налога: 2 500 р.
                                                   ","2019-05-29 20:16:06","2019-05-29 20:16:06",1
﻿"ЮБКА НА ЗАПАХ ЧЕРНОГО ЦВЕТА В ГОРОХ","самые лутшие ЮБКА НА ЗАПАХ ЧЕРНОГО ЦВЕТА В ГОРОХ от фиры Ricoco",Ricoco/5ceee88753e6b.jpg,"
                                                      2 600 р.                                                                                 Без налога: 2 600 р.
                                                   ","2019-05-29 20:16:06","2019-05-29 20:16:06",1
﻿"Платье на запах с рюшами ","самые лутшие Платье на запах с рюшами  от фиры Ricoco",Ricoco/5ceee88769c80.jpg,"
                                                      4 500 р.                                                                              ","2019-05-29 20:16:06","2019-05-29 20:16:06",1
﻿"Платье-рубашка, макси","самые лутшие Платье-рубашка, макси от фиры Ricoco",Ricoco/5ceee8877c83e.jpg,"
                                                      3 700 р.                                                                              ","2019-05-29 20:16:06","2019-05-29 20:16:06",1
﻿" Платье-рубашка, макси ","самые лутшие  Платье-рубашка, макси  от фиры Ricoco",Ricoco/5ceee887a223f.jpg,"
                                                      3 700 р.                                                                              ","2019-05-29 20:16:06","2019-05-29 20:16:06",1
﻿"ПЛАТЬЕ-РУБАШКА, МАКСИ","самые лутшие ПЛАТЬЕ-РУБАШКА, МАКСИ от фиры Ricoco",Ricoco/5ceee887b5806.jpg,"
                                                      3 700 р.                                                                              ","2019-05-29 20:16:06","2019-05-29 20:16:06",1
﻿"Платье из мягкого трикотажа с короткими рукавами, черное","самые лутшие Платье из мягкого трикотажа с короткими рукавами, черное от фиры Ricoco",Ricoco/5ceee887cf8fa.jpg,"
                                                      3 500 р.                                                                              ","2019-05-29 20:16:07","2019-05-29 20:16:07",1
﻿"Платье-рубашка, макси","самые лутшие Платье-рубашка, макси от фиры Ricoco",Ricoco/5ceee887ddbe8.jpg,"
                                                      3 700 р.                                                                              ","2019-05-29 20:16:07","2019-05-29 20:16:07",1
﻿"Платье-рубашка с принтом ","самые лутшие Платье-рубашка с принтом  от фиры Ricoco",Ricoco/5ceee887edbde.jpg,"
                                                      3 900 р.                                                                              ","2019-05-29 20:16:07","2019-05-29 20:16:07",1
﻿"Платье, шитье, А-силуэт,молочное с комбинацией","самые лутшие Платье, шитье, А-силуэт,молочное с комбинацией от фиры Ricoco",Ricoco/5ceee8880fe31.jpg,"
                                                      5 500 р.                                                                              ","2019-05-29 20:16:07","2019-05-29 20:16:07",1
﻿"Сарафан в мелкий горошек","самые лутшие Сарафан в мелкий горошек от фиры Ricoco",Ricoco/5ceee88825cc6.jpg,"
                                                      3 500 р.                                                                              ","2019-05-29 20:16:07","2019-05-29 20:16:07",1
﻿"Платье-футболка, черное","самые лутшие Платье-футболка, черное от фиры Ricoco",Ricoco/5ceee8883a6df.jpg,"
                                                      3 000 р.                                                                              ","2019-05-29 20:16:07","2019-05-29 20:16:07",1
﻿"Платье концептуальное, кремовое","самые лутшие Платье концептуальное, кремовое от фиры Ricoco",Ricoco/5ceee88856749.jpg,"
                                                      3 500 р.                                                                              ","2019-05-29 20:16:07","2019-05-29 20:16:07",1
﻿"Платье, животный принт","самые лутшие Платье, животный принт от фиры Ricoco",Ricoco/5ceee8886af20.jpg,"
                                                      4 200 р.                                                                              ","2019-05-29 20:16:07","2019-05-29 20:16:07",1
﻿"Платье концептуальное, оливка","самые лутшие Платье концептуальное, оливка от фиры Ricoco",Ricoco/5ceee88887107.jpg,"
                                                      3 500 р.                                                                              ","2019-05-29 20:16:07","2019-05-29 20:16:07",1
﻿"Платье-рубашка, хаки ","самые лутшие Платье-рубашка, хаки  от фиры Ricoco",Ricoco/5ceee8889c24c.jpg,"
                                                      3 700 р.                                                                              ","2019-05-29 20:16:07","2019-05-29 20:16:07",1
﻿"Платье с бантом и рюшей, черное","самые лутшие Платье с бантом и рюшей, черное от фиры Ricoco",Ricoco/5ceee888bc2c4.jpg,"
                                                      2 450 р. 3 500 р.
                                                                              ","2019-05-29 20:16:07","2019-05-29 20:16:07",1
﻿"Платье-рубашка, макси","самые лутшие Платье-рубашка, макси от фиры Ricoco",Ricoco/5ceee8b725ed6.jpg,"
                                                      3 700 р.                                                                                 Без налога: 3 700 р.
                                                   ","2019-05-29 20:16:55","2019-05-29 20:16:55",1
﻿"ПЛАТЬЕ-РУБАШКА, МАКСИ","самые лутшие ПЛАТЬЕ-РУБАШКА, МАКСИ от фиры Ricoco",Ricoco/5ceee8b7438c4.jpg,"
                                                      3 700 р.                                                                                 Без налога: 3 700 р.
                                                   ","2019-05-29 20:16:55","2019-05-29 20:16:55",1
﻿" Платье-рубашка, макси ","самые лутшие  Платье-рубашка, макси  от фиры Ricoco",Ricoco/5ceee8b751efd.jpg,"
                                                      3 700 р.                                                                                 Без налога: 3 700 р.
                                                   ","2019-05-29 20:16:55","2019-05-29 20:16:55",1
﻿"КЮЛОТЫ СЕРОГО ЦВЕТА","самые лутшие КЮЛОТЫ СЕРОГО ЦВЕТА от фиры Ricoco",Ricoco/5ceee8b76cef2.jpg,"
                                                      2 500 р.                                                                                 Без налога: 2 500 р.
                                                   ","2019-05-29 20:16:55","2019-05-29 20:16:55",1
﻿"ЮБКА НА ЗАПАХ ЧЕРНОГО ЦВЕТА В ГОРОХ","самые лутшие ЮБКА НА ЗАПАХ ЧЕРНОГО ЦВЕТА В ГОРОХ от фиры Ricoco",Ricoco/5ceee8b781141.jpg,"
                                                      2 600 р.                                                                                 Без налога: 2 600 р.
                                                   ","2019-05-29 20:16:55","2019-05-29 20:16:55",1
﻿"Платье с бантом, мятное","самые лутшие Платье с бантом, мятное от фиры Ricoco",Ricoco/5ceee8b7964ba.jpg,"
                                                      3 700 р.                                                                              ","2019-05-29 20:16:55","2019-05-29 20:16:55",1
﻿"Платье-жилет, темно-синее ","самые лутшие Платье-жилет, темно-синее  от фиры Ricoco",Ricoco/5ceee8b7a9d32.jpg,"
                                                      3 900 р.                                                                              ","2019-05-29 20:16:55","2019-05-29 20:16:55",1
﻿"Платье с бантом, зеленое","самые лутшие Платье с бантом, зеленое от фиры Ricoco",Ricoco/5ceee8b7c50c6.jpg,"
                                                      3 700 р.                                                                              ","2019-05-29 20:16:55","2019-05-29 20:16:55",1
﻿"Платье-тренч из хлопка","самые лутшие Платье-тренч из хлопка от фиры Ricoco",Ricoco/5ceee8b7d9e49.jpg,"
                                                      2 220 р. 3 700 р.
                                                                              ","2019-05-29 20:16:55","2019-05-29 20:16:55",1
﻿"Платье с объемными рукавами, винное ","самые лутшие Платье с объемными рукавами, винное  от фиры Ricoco",Ricoco/5ceee8b7f259a.jpg,"
                                                      2 590 р. 3 700 р.
                                                                              ","2019-05-29 20:16:55","2019-05-29 20:16:55",1
﻿"Платье на резинке, черное","самые лутшие Платье на резинке, черное от фиры Ricoco",Ricoco/5ceee8b815f45.jpg,"
                                                      1 950 р. 3 900 р.
                                                                              ","2019-05-29 20:16:55","2019-05-29 20:16:55",1
﻿"ПЛАТЬЕ В РАССЛАБЛЕННОМ СТИЛЕ, ОЛИВКОВОЕ","самые лутшие ПЛАТЬЕ В РАССЛАБЛЕННОМ СТИЛЕ, ОЛИВКОВОЕ от фиры Ricoco",Ricoco/5ceee8b82e105.jpg,"
                                                      1 794 р. 2 990 р.
                                                                              ","2019-05-29 20:16:55","2019-05-29 20:16:55",1
﻿"Платье вязаное с карманами,бежевое","самые лутшие Платье вязаное с карманами,бежевое от фиры Ricoco",Ricoco/5ceee8b845639.jpg,"
                                                      1 920 р. 3 200 р.
                                                                              ","2019-05-29 20:16:55","2019-05-29 20:16:55",1
﻿"Платье свободного кроя, черное","самые лутшие Платье свободного кроя, черное от фиры Ricoco",Ricoco/5ceee8b85edef.jpg,"
                                                      1 950 р. 3 900 р.
                                                                              ","2019-05-29 20:16:55","2019-05-29 20:16:55",1
﻿"Платье с перышками, черное","самые лутшие Платье с перышками, черное от фиры Ricoco",Ricoco/5ceee8b87a136.jpg,"
                                                      4 130 р. 5 900 р.
                                                                              ","2019-05-29 20:16:55","2019-05-29 20:16:55",1
﻿"Платье с запахом, бордо","самые лутшие Платье с запахом, бордо от фиры Ricoco",Ricoco/5ceee8b8928a1.jpg,"
                                                      3 800 р.                                                                              ","2019-05-29 20:16:55","2019-05-29 20:16:55",1
﻿"Платье с рюшами, красное","самые лутшие Платье с рюшами, красное от фиры Ricoco",Ricoco/5ceee8b8a86af.jpg,"
                                                      5 500 р.                                                                              ","2019-05-29 20:16:55","2019-05-29 20:16:55",1
﻿"Платье на одно плечо, черное","самые лутшие Платье на одно плечо, черное от фиры Ricoco",Ricoco/5ceee8b8c4700.jpg,"
                                                      1 750 р. 3 500 р.
                                                                              ","2019-05-29 20:16:55","2019-05-29 20:16:55",1
﻿"Платье-комбинация, миди","самые лутшие Платье-комбинация, миди от фиры Ricoco",Ricoco/5ceee8b8dcae8.jpg,"
                                                      2 450 р. 3 500 р.
                                                                              ","2019-05-29 20:16:55","2019-05-29 20:16:55",1
﻿"Платье на одно плечо, красное","самые лутшие Платье на одно плечо, красное от фиры Ricoco",Ricoco/5ceee8b901c67.jpg,"
                                                      1 750 р. 3 500 р.
                                                                              ","2019-05-29 20:16:55","2019-05-29 20:16:55",1
﻿"Платье-рубашка, макси","самые лутшие Платье-рубашка, макси от фиры Ricoco",Ricoco/5ceee8cfe7507.jpg,"
                                                      3 700 р.                                                                                 Без налога: 3 700 р.
                                                   ","2019-05-29 20:17:19","2019-05-29 20:17:19",1
﻿"ПЛАТЬЕ-РУБАШКА, МАКСИ","самые лутшие ПЛАТЬЕ-РУБАШКА, МАКСИ от фиры Ricoco",Ricoco/5ceee8d004631.jpg,"
                                                      3 700 р.                                                                                 Без налога: 3 700 р.
                                                   ","2019-05-29 20:17:19","2019-05-29 20:17:19",1
﻿" Платье-рубашка, макси ","самые лутшие  Платье-рубашка, макси  от фиры Ricoco",Ricoco/5ceee8d0139d9.jpg,"
                                                      3 700 р.                                                                                 Без налога: 3 700 р.
                                                   ","2019-05-29 20:17:19","2019-05-29 20:17:19",1
﻿"КЮЛОТЫ СЕРОГО ЦВЕТА","самые лутшие КЮЛОТЫ СЕРОГО ЦВЕТА от фиры Ricoco",Ricoco/5ceee8d028613.jpg,"
                                                      2 500 р.                                                                                 Без налога: 2 500 р.
                                                   ","2019-05-29 20:17:19","2019-05-29 20:17:19",1
﻿"ЮБКА НА ЗАПАХ ЧЕРНОГО ЦВЕТА В ГОРОХ","самые лутшие ЮБКА НА ЗАПАХ ЧЕРНОГО ЦВЕТА В ГОРОХ от фиры Ricoco",Ricoco/5ceee8d03f271.jpg,"
                                                      2 600 р.                                                                                 Без налога: 2 600 р.
                                                   ","2019-05-29 20:17:19","2019-05-29 20:17:19",1
﻿"Платье короткое с перышками, белое","самые лутшие Платье короткое с перышками, белое от фиры Ricoco",Ricoco/5ceee8d053392.jpg,"
                                                      4 720 р. 5 900 р.
                                                                              ","2019-05-29 20:17:19","2019-05-29 20:17:19",1
﻿"Платье-рубашка, кофейное","самые лутшие Платье-рубашка, кофейное от фиры Ricoco",Ricoco/5ceee8d0612e2.jpg,"
                                                      3 790 р.                                                                              ","2019-05-29 20:17:19","2019-05-29 20:17:19",1
﻿"Платье А-силуэта из светлого шифона","самые лутшие Платье А-силуэта из светлого шифона от фиры Ricoco",Ricoco/5ceee8d07a4aa.jpg,"
                                                      3 990 р.                                                                              ","2019-05-29 20:17:19","2019-05-29 20:17:19",1
﻿"Платье концептуальное с рукавом, серое","самые лутшие Платье концептуальное с рукавом, серое от фиры Ricoco",Ricoco/5ceee8d08881b.jpg,"
                                                      2 450 р. 3 500 р.
                                                                              ","2019-05-29 20:17:19","2019-05-29 20:17:19",1
﻿"Платье с лентами, винное","самые лутшие Платье с лентами, винное от фиры Ricoco",Ricoco/5ceee8d099ad3.jpg,"
                                                      2 730 р. 3 900 р.
                                                                              ","2019-05-29 20:17:19","2019-05-29 20:17:19",1
﻿"Платье с лентами, розовое","самые лутшие Платье с лентами, розовое от фиры Ricoco",Ricoco/5ceee8d0b318e.jpg,"
                                                      2 730 р. 3 900 р.
                                                                              ","2019-05-29 20:17:19","2019-05-29 20:17:19",1
﻿"Платье концептуальное с рукавом, черное","самые лутшие Платье концептуальное с рукавом, черное от фиры Ricoco",Ricoco/5ceee8d0c449e.jpg,"
                                                      2 450 р. 3 500 р.
                                                                              ","2019-05-29 20:17:19","2019-05-29 20:17:19",1
﻿"Платье концептуальное с рукавом, кремовое","самые лутшие Платье концептуальное с рукавом, кремовое от фиры Ricoco",Ricoco/5ceee8d0d510c.jpg,"
                                                      2 450 р. 3 500 р.
                                                                              ","2019-05-29 20:17:19","2019-05-29 20:17:19",1
﻿"Платье-комбинация, кремовое","самые лутшие Платье-комбинация, кремовое от фиры Ricoco",Ricoco/5ceee8d0e34c7.jpg,"
                                                      1 607 р. 1 890 р.
                                                                              ","2019-05-29 20:17:19","2019-05-29 20:17:19",1
﻿"Платье-рубашка асимметричное, синее","самые лутшие Платье-рубашка асимметричное, синее от фиры Ricoco",Ricoco/5ceee8d0f19ab.jpg,"
                                                      2 450 р. 3 500 р.
                                                                              ","2019-05-29 20:17:19","2019-05-29 20:17:19",1
﻿"Платье-рубашка, макси","самые лутшие Платье-рубашка, макси от фиры Ricoco",Ricoco/5ceee8dc92248.jpg,"
                                                      3 700 р.                                                                                 Без налога: 3 700 р.
                                                   ","2019-05-29 20:17:32","2019-05-29 20:17:32",1
﻿"ПЛАТЬЕ-РУБАШКА, МАКСИ","самые лутшие ПЛАТЬЕ-РУБАШКА, МАКСИ от фиры Ricoco",Ricoco/5ceee8dca2cd9.jpg,"
                                                      3 700 р.                                                                                 Без налога: 3 700 р.
                                                   ","2019-05-29 20:17:32","2019-05-29 20:17:32",1
﻿" Платье-рубашка, макси ","самые лутшие  Платье-рубашка, макси  от фиры Ricoco",Ricoco/5ceee8dcb194c.jpg,"
                                                      3 700 р.                                                                                 Без налога: 3 700 р.
                                                   ","2019-05-29 20:17:32","2019-05-29 20:17:32",1
﻿"КЮЛОТЫ СЕРОГО ЦВЕТА","самые лутшие КЮЛОТЫ СЕРОГО ЦВЕТА от фиры Ricoco",Ricoco/5ceee8dcc72b0.jpg,"
                                                      2 500 р.                                                                                 Без налога: 2 500 р.
                                                   ","2019-05-29 20:17:32","2019-05-29 20:17:32",1
﻿"ЮБКА НА ЗАПАХ ЧЕРНОГО ЦВЕТА В ГОРОХ","самые лутшие ЮБКА НА ЗАПАХ ЧЕРНОГО ЦВЕТА В ГОРОХ от фиры Ricoco",Ricoco/5ceee8dcddc5e.jpg,"
                                                      2 600 р.                                                                                 Без налога: 2 600 р.
                                                   ","2019-05-29 20:17:32","2019-05-29 20:17:32",1
﻿"Платье-рубашка, макси","самые лутшие Платье-рубашка, макси от фиры Ricoco",Ricoco/5ceee8e2d77eb.jpg,"
                                                      3 700 р.                                                                                 Без налога: 3 700 р.
                                                   ","2019-05-29 20:17:38","2019-05-29 20:17:38",1
﻿"ПЛАТЬЕ-РУБАШКА, МАКСИ","самые лутшие ПЛАТЬЕ-РУБАШКА, МАКСИ от фиры Ricoco",Ricoco/5ceee8e2f1bfc.jpg,"
                                                      3 700 р.                                                                                 Без налога: 3 700 р.
                                                   ","2019-05-29 20:17:38","2019-05-29 20:17:38",1
﻿" Платье-рубашка, макси ","самые лутшие  Платье-рубашка, макси  от фиры Ricoco",Ricoco/5ceee8e30d676.jpg,"
                                                      3 700 р.                                                                                 Без налога: 3 700 р.
                                                   ","2019-05-29 20:17:38","2019-05-29 20:17:38",1
﻿"КЮЛОТЫ СЕРОГО ЦВЕТА","самые лутшие КЮЛОТЫ СЕРОГО ЦВЕТА от фиры Ricoco",Ricoco/5ceee8e3246bc.jpg,"
                                                      2 500 р.                                                                                 Без налога: 2 500 р.
                                                   ","2019-05-29 20:17:38","2019-05-29 20:17:38",1
﻿"ЮБКА НА ЗАПАХ ЧЕРНОГО ЦВЕТА В ГОРОХ","самые лутшие ЮБКА НА ЗАПАХ ЧЕРНОГО ЦВЕТА В ГОРОХ от фиры Ricoco",Ricoco/5ceee8e33df00.jpg,"
                                                      2 600 р.                                                                                 Без налога: 2 600 р.
                                                   ","2019-05-29 20:17:38","2019-05-29 20:17:38",1
﻿"Платье-рубашка, макси","самые лутшие Платье-рубашка, макси от фиры Ricoco",Ricoco/5ceee8eaca794.jpg,"
                                                      3 700 р.                                                                                 Без налога: 3 700 р.
                                                   ","2019-05-29 20:17:46","2019-05-29 20:17:46",1
﻿"ПЛАТЬЕ-РУБАШКА, МАКСИ","самые лутшие ПЛАТЬЕ-РУБАШКА, МАКСИ от фиры Ricoco",Ricoco/5ceee8eada388.jpg,"
                                                      3 700 р.                                                                                 Без налога: 3 700 р.
                                                   ","2019-05-29 20:17:46","2019-05-29 20:17:46",1
﻿" Платье-рубашка, макси ","самые лутшие  Платье-рубашка, макси  от фиры Ricoco",Ricoco/5ceee8eae7c76.jpg,"
                                                      3 700 р.                                                                                 Без налога: 3 700 р.
                                                   ","2019-05-29 20:17:46","2019-05-29 20:17:46",1
﻿"КЮЛОТЫ СЕРОГО ЦВЕТА","самые лутшие КЮЛОТЫ СЕРОГО ЦВЕТА от фиры Ricoco",Ricoco/5ceee8eb109c6.jpg,"
                                                      2 500 р.                                                                                 Без налога: 2 500 р.
                                                   ","2019-05-29 20:17:46","2019-05-29 20:17:46",1
﻿"ЮБКА НА ЗАПАХ ЧЕРНОГО ЦВЕТА В ГОРОХ","самые лутшие ЮБКА НА ЗАПАХ ЧЕРНОГО ЦВЕТА В ГОРОХ от фиры Ricoco",Ricoco/5ceee8eb2637c.jpg,"
                                                      2 600 р.                                                                                 Без налога: 2 600 р.
                                                   ","2019-05-29 20:17:46","2019-05-29 20:17:46",1
